ID,Song,By,Streams,Style
am-001,Anti-Hero (Acoustic),Taylor Swift,203,Pop
am-002,Midnight Rain,Taylor Swift,287,Pop
am-003,All Too Well (10 Min),Taylor Swift,412,Pop
am-004,Planet Her,Doja Cat,356,Hip-Hop
am-005,Say So,Doja Cat,298,Pop
am-006,Kiss Me More,Doja Cat,187,Pop
am-007,drivers license,Olivia Rodrigo,445,Pop Rock
am-008,deja vu,Olivia Rodrigo,323,Pop Rock
am-009,vampire,Olivia Rodrigo,389,Pop Rock
am-010,Solar Power,Lorde,234,Alternative
am-011,Royals,Lorde,198,Alternative
am-012,Starboy,The Weeknd,276,R&B
am-013,Can't Feel My Face,The Weeknd,245,R&B
am-014,Espresso,Sabrina Carpenter,512,Pop
am-015,Please Please Please,Sabrina Carpenter,367,Pop
